Workbook

Sheet Raw Data
A1: Holiday Resorts - Raw Data
A3: Resort Name | B3: City/Area | C3: Region (Header) | D3: Starting Price (PKR) | E3: Price Note | F3: Check-in | G3: Check-out | H3: Airport Distance (km) | I3: Airport Distance (time) | J3: Amenities Count | K3: Top Amenities | L3: Short Description | M3: Details Page
A4: Shangrila Resort | B4: Skardu | C4: Skardu, Gilgit-Baltistan | D4: 30000 | E4: Per night (including breakfast) | F4: 2:00 PM | G4: 12:00 PM | H4: 20 | I4: 30 minutes drive | J4: 12 | K4: Free Wi-Fi, Restaurant & Café, Lake View Rooms, Room Service, Boating Facility, Outdoor Seating, Parking Available, 24/7 Security, Air Conditioning, LED TV, Beautiful Gardens, Tour Arrangement | L4: Beautiful lakeside resort surrounded by mountains. | M4: shangrila-info.html
A5: Pearl Continental Bhurban | B5: Murree | C5: Murree, Punjab | D5: 35000 | E5: Per night (breakfast & dinner included) | F5: 3:00 PM | G5: 12:00 PM | H5: 75 | I5: 2 hours drive | J5: 12 | K5: High-Speed Wi-Fi, Multiple Restaurants, Luxury Spa & Wellness, Indoor Swimming Pool, Fitness Center, Kids Play Area, Mountain View Rooms, 24/7 Room Service, Conference Halls, Valet Parking, Concierge Service, Laundry Service | L5: Luxury hill resort with spa and views. | M5: pearl-continental-info.html
A6: Serena Shigar Fort | B6: Shigar Valley | C6: Shigar Valley, Gilgit-Baltistan | D6: 40000 | E6: Per night (full board included) | F6: 2:00 PM | G6: 12:00 PM | H6: 35 | I6: 45 minutes drive | J6: 12 | K6: Free Wi-Fi, Organic Restaurant, Heritage Gardens, Traditional Balti Cuisine, Mountain Expeditions, Cultural Programs, Library, Room Service, Heating System, Parking Available, Tour Arrangements, Airport Transfers | L6: Historic fort with modern comfort. | M6: serena-shigar-info.html
A7: Monal Resort | B7: Islamabad | C7: Margalla Hills, Islamabad | D7: 25000 | E7: Per night (breakfast included) | F7: 2:00 PM | G7: 11:00 AM | H7: 40 | I7: 1 hour drive | J7: 12 | K7: Free Wi-Fi, Signature Restaurant, Panoramic City Views, Outdoor Terrace, Nature Trails, BBQ Facilities, Room Service, Air Conditioning, LED TV & Cable, Parking Available, Event Spaces, Photography Spots | L7: Stunning hilltop retreat with panoramic city views and traditional architecture. | M7: monal-info.html
A8: Lakeside Resort Khanpur | B8: Khanpur Dam | C8: Khanpur Dam, Khyber Pakhtunkhwa | D8: 20000 | E8: Per night (breakfast included) | F8: 1:00 PM | G8: 11:00 AM | H8: 60 | I8: 1.5 hours drive | J8: 12 | K8: Free Wi-Fi, Lakeside Restaurant, Water Sports Activities, Boating & Jet Skiing, Swimming Area, BBQ Facilities, Private Beach Access, Fishing Equipment, Outdoor Seating, Parking Available, Children's Play Area, 24/7 Security | L8: Peaceful waterfront escape with modern lakeside cottages and water sports. | M8: khanpur-info.html
A9: Nathia Gali Forest Resort | B9: Nathia Gali | C9: Nathia Gali, Khyber Pakhtunkhwa | D9: 18000 | E9: Per night (breakfast included) | F9: 2:00 PM | G9: 11:00 AM | H9: 85 | I9: 2.5 hours drive | J9: 12 | K9: Wi-Fi in Common Areas, Restaurant & Café, Nature Hiking Trails, Birdwatching Tours, Bonfire Area, Outdoor Seating, Heaters in Rooms, Room Service, Guided Forest Walks, Parking Available, Reading Lounge, Organic Garden | L9: Cozy wooden cottages nestled in pine forests with hiking trails. | M9: nathia-gali-info.html
A14: Booking Cost Calculator (Demonstrates Formulas)
A16: Inputs | D16: Outputs
A17: Resort | B17: Shangrila Resort | D17: Nights | E17: =MAX(0,B19-B18) -> 3
A18: Check-in Date | B18: 46054 | D18: Base Price (PKR) | E18: =VLOOKUP(B17,'Raw Data'!$A$4:$D$9,4,FALSE) -> 30000
A19: Check-out Date | B19: 46057 | D19: Guest Multiplier | E19: =IF(B20>2,1.2,1) -> 1
A20: Guests | B20: 2 | D20: Season Multiplier | E20: =IF(B21="Peak",1.3,1) -> 1
A21: Season | B21: Off-Peak | D21: Total Booking Cost (PKR) | E21: =E17*E18*E19*E20 -> 90000
A24: Booking Log (Mock Data)
A25: Booking ID | B25: Resort | C25: Check-in | D25: Check-out | E25: Nights | F25: Guests | G25: Season | H25: Total Cost (PKR) | I25: Is High Value?
A26: BKG-001 | B26: Shangrila Resort | C26: 46082 | D26: 46084 | E26: =MAX(0,D26-C26) -> 2 | F26: 2 | G26: Off-Peak | H26: =E26*VLOOKUP(B26,'Raw Data'!$A$4:$D$9,4,FALSE)*IF(F26>2,1.2,1)*IF(G26="Peak",1.3,1) -> 60000 | I26: =IF(H26>=80000,"Yes","No") -> No
A27: BKG-002 | B27: Pearl Continental Bhurban | C27: 46082 | D27: 46084 | E27: =MAX(0,D27-C27) -> 2 | F27: 2 | G27: Off-Peak | H27: =E27*VLOOKUP(B27,'Raw Data'!$A$4:$D$9,4,FALSE)*IF(F27>2,1.2,1)*IF(G27="Peak",1.3,1) -> 70000 | I27: =IF(H27>=80000,"Yes","No") -> No
A28: BKG-003 | B28: Serena Shigar Fort | C28: 46082 | D28: 46084 | E28: =MAX(0,D28-C28) -> 2 | F28: 2 | G28: Off-Peak | H28: =E28*VLOOKUP(B28,'Raw Data'!$A$4:$D$9,4,FALSE)*IF(F28>2,1.2,1)*IF(G28="Peak",1.3,1) -> 80000 | I28: =IF(H28>=80000,"Yes","No") -> Yes
A29: BKG-004 | B29: Monal Resort | C29: 46082 | D29: 46084 | E29: =MAX(0,D29-C29) -> 2 | F29: 2 | G29: Off-Peak | H29: =E29*VLOOKUP(B29,'Raw Data'!$A$4:$D$9,4,FALSE)*IF(F29>2,1.2,1)*IF(G29="Peak",1.3,1) -> 50000 | I29: =IF(H29>=80000,"Yes","No") -> No
A30: BKG-005 | B30: Lakeside Resort Khanpur | C30: 46082 | D30: 46084 | E30: =MAX(0,D30-C30) -> 2 | F30: 2 | G30: Off-Peak | H30: =E30*VLOOKUP(B30,'Raw Data'!$A$4:$D$9,4,FALSE)*IF(F30>2,1.2,1)*IF(G30="Peak",1.3,1) -> 40000 | I30: =IF(H30>=80000,"Yes","No") -> No
A31: BKG-006 | B31: Nathia Gali Forest Resort | C31: 46082 | D31: 46084 | E31: =MAX(0,D31-C31) -> 2 | F31: 2 | G31: Off-Peak | H31: =E31*VLOOKUP(B31,'Raw Data'!$A$4:$D$9,4,FALSE)*IF(F31>2,1.2,1)*IF(G31="Peak",1.3,1) -> 36000 | I31: =IF(H31>=80000,"Yes","No") -> No
A32: BKG-007 | B32: Shangrila Resort | C32: 46082 | D32: 46084 | E32: =MAX(0,D32-C32) -> 2 | F32: 2 | G32: Off-Peak | H32: =E32*VLOOKUP(B32,'Raw Data'!$A$4:$D$9,4,FALSE)*IF(F32>2,1.2,1)*IF(G32="Peak",1.3,1) -> 60000 | I32: =IF(H32>=80000,"Yes","No") -> No
A33: BKG-008 | B33: Pearl Continental Bhurban | C33: 46082 | D33: 46084 | E33: =MAX(0,D33-C33) -> 2 | F33: 2 | G33: Off-Peak | H33: =E33*VLOOKUP(B33,'Raw Data'!$A$4:$D$9,4,FALSE)*IF(F33>2,1.2,1)*IF(G33="Peak",1.3,1) -> 70000 | I33: =IF(H33>=80000,"Yes","No") -> No
A34: BKG-009 | B34: Serena Shigar Fort | C34: 46082 | D34: 46084 | E34: =MAX(0,D34-C34) -> 2 | F34: 2 | G34: Off-Peak | H34: =E34*VLOOKUP(B34,'Raw Data'!$A$4:$D$9,4,FALSE)*IF(F34>2,1.2,1)*IF(G34="Peak",1.3,1) -> 80000 | I34: =IF(H34>=80000,"Yes","No") -> Yes
A35: BKG-010 | B35: Monal Resort | C35: 46082 | D35: 46084 | E35: =MAX(0,D35-C35) -> 2 | F35: 2 | G35: Off-Peak | H35: =E35*VLOOKUP(B35,'Raw Data'!$A$4:$D$9,4,FALSE)*IF(F35>2,1.2,1)*IF(G35="Peak",1.3,1) -> 50000 | I35: =IF(H35>=80000,"Yes","No") -> No
A37: Summary Metrics
A38: Total Revenue (All Bookings) | B38: =SUM(H26:H35) -> 596000
A39: Average Booking Value | B39: =AVERAGE(H26:H35) -> 59600
A40: Peak Season Bookings | B40: =COUNTIF(G26:G35,"Peak") -> 0
A41: High Value Bookings (>= 80,000) | B41: =COUNTIF(I26:I35,"Yes") -> 2

Sheet Summary Dashboard
A1: Summary Dashboard
A3: Key Information | D3: Resort Prices
A4: Number of Resorts | B4: =COUNTA('Raw Data'!A4:A9) -> 6 | D4: Resort | E4: Starting Price (PKR)
A5: Average Starting Price (PKR) | B5: =AVERAGE('Raw Data'!D4:D9) -> 28000 | D5: Shangrila Resort | E5: 30000
A6: Most Expensive Starting Price (PKR) | B6: =MAX('Raw Data'!D4:D9) -> 40000 | D6: Pearl Continental Bhurban | E6: 35000
A7: Least Expensive Starting Price (PKR) | B7: =MIN('Raw Data'!D4:D9) -> 18000 | D7: Serena Shigar Fort | E7: 40000
A8: Total Mock Booking Revenue (PKR) | B8: =#REF! -> #REF! | D8: Monal Resort | E8: 25000
D9: Lakeside Resort Khanpur | E9: 20000
D10: Nathia Gali Forest Resort | E10: 18000
